title,description,link
"Brahmaputra River, India | Earthdata","...visualizations of the Brahmaputra River in India from the Terra satellite on 1/09/2017...the Week Archive Brahmaputra River, India Data Disciplines: Land Related Content...for EOS Worldview Brahmaputra River, India Image captured on 9 January 2017 by",https://earthdata.nasa.gov/worldview/worldview-image-archive/brahmaputra-river-india
Fires in Northwest India | Earthdata,...visualizations of fires in northwest India from the Suomi NPP satellite on 10/31/2016...the Week Archive Fires in Northwest India Data Disciplines: Atmosphere Human...for EOS Worldview Fires in Northwest India Image captured on 26 October 2016 by,https://earthdata.nasa.gov/worldview/worldview-image-archive/fires-in-northwest-india
High Aerosol Index Over Northern India | Earthdata,"...of high aerosol index over Northern India, from the Suomi NPP satellite on 11/09/2020...Archive High Aerosol Index Over Northern India Data Disciplines: Atmosphere Human...Worldview High Aerosol Index Over Northern India Image captured on 9 November 2020,",https://earthdata.nasa.gov/worldview/worldview-image-archive/high-aerosol-index-over-northern-india
Fires and Smoke in Northern India | Earthdata,...visualizations of fires and smoke in North India from the Suomi NPP satellite on 11/13/2017...Archive Fires and Smoke in Northern India Data Disciplines: Atmosphere Human...Worldview Fires and Smoke in Northern India Image captured on 13 November 2017,https://earthdata.nasa.gov/worldview/worldview-image-archive/fires-and-smoke-in-northern-india
Tropical Cyclone Vardah approaching India | Earthdata,...visualizations of Tropical Cyclone Vardah near India from Suomi NPP satellite on 12/12/2016...Tropical Cyclone Vardah approaching India Data Disciplines: Atmosphere Human...Tropical Cyclone Vardah approaching India Image captured on 11 December 2016,https://earthdata.nasa.gov/worldview/worldview-image-archive/tropical-cyclone-vardah-approaching-india
Smoke and fires in northwest India—November 2015 | Earthdata,...visualizations of smoke and fires in Northwest India from the Aqua satellite on 11/09/2015...Archive Smoke and fires in northwest India—November 2015 Data Disciplines: Atmosphere...Worldview Smoke and fires in northwest India—November 2015 Image captured on 9 November,https://earthdata.nasa.gov/worldview/worldview-image-archive/smoke-and-fires-in-northwest-india
Smoke and Fires in Northwest India—November 2016 | Earthdata,...ns of smoke and fires in Northwest India from the Suomi NPP satellite on 11/28/2016...Archive Smoke and Fires in Northwest India—November 2016 Data Disciplines: Atmosphere...Worldview Smoke and Fires in Northwest India—November 2016 Image captured on 28,https://earthdata.nasa.gov/worldview/worldview-image-archive/smoke-and-fires-in-northwest-india-2016-11-28
High Aerosol Optical Depth over Northern India | Earthdata,...of high aerosol optical depth over India from the Terra satellite on 12/24/2018...Aerosol Optical Depth over Northern India Data Disciplines: Atmosphere Human...Aerosol Optical Depth over Northern India Image captured on 24 December 2018,https://earthdata.nasa.gov/worldview/worldview-image-archive/high-aerosol-optical-depth-over-northern-india
From Indonesia to India | Earthdata,Sensing Our Planet From Indonesia to India Data Disciplines: Ocean PO.DAAC 2017...from the ionosphere From Indonesia to India A spread of green Sensing Our Planet,https://earthdata.nasa.gov/learn/sensing-our-planet/from-indonesia-to-india
Spatial Data from the 2011 India Census,...from the 2011 India Census The Spatial Data from the 2011 India Census contains...contains gridded estimates of India population at a resolution of 1 kilometer along,https://cmr.earthdata.nasa.gov/search/concepts/C1871832077-SEDAC.html
"India Annual Winter Cropped Area, 2001-2016","CIESIN_SEDAC_INDIA_AWCA India Annual Winter Cropped Area, 2001-2016 The India Annual Winter...annual winter cropped areas for most of India (except the Northeastern states) from",https://cmr.earthdata.nasa.gov/search/concepts/C1458583603-SEDAC.html
"NPP Grassland: Vindhyan, India, 1986-1989, R1","NPP_VND_197 NPP Grassland: Vindhyan, India, 1986-1989, R1 This data set contains...on the Vindhyan plateau in northern India from 1986 to 1989, one file for each",https://cmr.earthdata.nasa.gov/search/concepts/C1000000327-ORNL_DAAC.html
"India Village-Level Geospatial Socio-Economic Data Set: 1991, 2001","Name: CIESIN_SEDAC_INDIA_VILSOCIOECON India Village-Level Geospatial Socio-Economic...Socio-Economic Data Set: 1991, 2001 The India Village-Level Geospatial Socio-Economic",https://cmr.earthdata.nasa.gov/search/concepts/C1513253831-SEDAC.html
"NPP Grassland: Kurukshetra, India, 1970-1971, R1","NPP_KRK_193 NPP Grassland: Kurukshetra, India, 1970-1971, R1 This data set contains...85 E, Elevation 247 m) in northern India, about 150-km north-northwest of Delhi",https://cmr.earthdata.nasa.gov/search/concepts/C1000000040-ORNL_DAAC.html
"Decadal Land Use and Land Cover Classifications across India, 1985, 1995, 2005","...and Land Cover Classifications across India, 1985, 1995, 2005 This data set provides...classification products at 100-m resolution for India at decadal intervals for 1985, 1995",https://cmr.earthdata.nasa.gov/search/concepts/C1322287366-ORNL_DAAC.html
LP DAAC - MODIS Captures Indirect Impacts of COVID-19 on the Environment,"...impacted economic growth globally. India has experienced its highest rates of...of the pandemic, the government of India has ordered several nationwide multi-phased",https://lpdaac.usgs.gov/resources/data-action/modis-captures-indirect-impacts-covid-19-environment/
User Profile: Dr. Karen Seto | Earthdata,"...with a particular research emphasis on India and China. Research highlights: In...In 1950, the population of India was slightly less than 400 million people. Today",https://earthdata.nasa.gov/learn/user-resources/who-uses-nasa-earth-science-data-user-profiles/user-profile-dr-karen-seto
User Profile: Dr. Pinki Mondal | Earthdata,"...2000-2016 wet season/monsoon in South Asia/India. Image by Dr. Chandranath Basak. Dr...the world is a daunting task, but one India has undertaken every 10 years since",https://earthdata.nasa.gov/learn/user-resources/who-uses-nasa-earth-science-data-user-profiles/user-profile-dr-pinki-mondal
Paving a new lifestyle | Earthdata,"...20th century, familiar illnesses in India included communicable diseases such...heart disease and diabetes. In short, India has made what health experts call the",https://earthdata.nasa.gov/learn/sensing-our-planet/paving-a-new-lifestyle
Worldview Image of the Week Archive | Earthdata,"Aerosol Index, India 11/09/2020 High Aerosol Index Over Northern India 061, VIIRS...Advanced Himawari Imager, Clean Infrared, India, Bangladesh, typhoon, severe storms",https://earthdata.nasa.gov/worldview/worldview-image-archive
Can Citizen Science and Low-Cost Sensors Help Improve Earth System Data? | Earthdata,"Raleigh, North Carolina; and Delhi, India. The citizen scientists deploy and...along the Indo-Gangetic Plain in North India. In North Carolina, the team is collaborating",https://earthdata.nasa.gov/esds/competitive-programs/csesp/improve-earth-system-data
The price of tea | Earthdata,"...quality and crop yield have declined. In India, the industry has struggled to modernize...mainstay in the country’s economy. India is home to nearly 1,600 plantations",https://earthdata.nasa.gov/learn/sensing-our-planet/the-price-of-tea
EOSDIS Data News: November 2017 | Earthdata,"...s-pop-projection-ssp-2010-2100 The India Annual Winter Cropped Area, v1 (2001-2016)...for beta testing as part of the SEDAC India data collection. These data consist",https://earthdata.nasa.gov/eosdis-data-news-archive/eosdis-data-news-november-2017
Effects of Emissions on Climate Change | Earthdata,"France, Russia, Poland, Japan, China, India, Brazil, Tanzania, and elsewhere. Industrial",https://earthdata.nasa.gov/learn/sensing-our-planet/effects-of-emissions-on-climate-change
User Profile: Dr. Steven Massie | Earthdata,"...like Beijing, China, and New Delhi, India, where a gray to yellow cloud turns...in this Aqua/MODIS image of Northern India acquired on November 4, 2019. These",https://earthdata.nasa.gov/learn/user-resources/who-uses-nasa-earth-science-data-user-profiles/user-profile-dr-steven-massie
User Profile: Dr. Brian Mapes | Earthdata,"...at the Ellora Caves in Maharashtra, India, which is about 300 km (190 miles)...east-northeast of Mumbai in western India. The Asian Monsoon plays a key role",https://earthdata.nasa.gov/learn/user-resources/who-uses-nasa-earth-science-data-user-profiles/user-profile-dr-brian-mapes
User Profile: Dr. Faisal Hossain | Earthdata,"...northwestward through Tibet and into India, where it forms the westernmost river... and crosses the borders of China, India, Afghanistan, and Pakistan. For Dr",https://earthdata.nasa.gov/learn/user-resources/who-uses-nasa-earth-science-data-user-profiles/user-profile-dr-faisal-hossain
EOSDIS Data News: April 2018 | Earthdata,"...completed a production release of the India Village-Level Geospatial Socio-Economic...Data Set: 1991, 2001, part of SEDAC’s India data collection. The dataset includes",https://earthdata.nasa.gov/eosdis-data-news-archive/eosdis-data-news-april-2018
Squeezing Water from Rock | Earthdata,"Structures in the village of Bhuj, India, which was 80 kilometers (50 miles)...the Kachchh region of northwestern India, provided scientists with just that",https://earthdata.nasa.gov/learn/sensing-our-planet/squeezing-water-from-rock
When the Earth moved Kashmir | Earthdata,"...neighboring countries of Pakistan and India. Kashmir also inhabits another crossroads:...Indian plate that underlies most of India and Pakistan, including much of Kashmir;",https://earthdata.nasa.gov/learn/sensing-our-planet/when-the-earth-moved-kashmir
EOSDIS Data News: March 2018 | Earthdata,SEDAC completed a beta release of the India Village-Level Geospatial Socio-Economic...level of administrative boundaries in India (village/town-level) and over 200 socio-economic,https://earthdata.nasa.gov/eosdis-data-news-archive/eosdis-data-news-march-2018
And the Winners Are . . . | Earthdata,"Overflow (Vallabh Vidhya Nagar, Anand, India) Best Mission Concept: Loud and Clear...Use of Science: Aspire (Tilangana, India) Best Use of Technology: FireWay (Dnipro",https://earthdata.nasa.gov/learn/articles/2020-space-apps-challenge-winners
LP DAAC - Highlights from the Literature: October to December 2019,"Vegetation Index data over Odisha, India, shorelines during the wet season of...Vegetation Index data over Odisha, India, shorelines during the wet season of",https://lpdaac.usgs.gov/resources/data-action/highlights-literature-october-december-2019/
LP DAAC - Irrigation and Land Use Change in Tamil Nadu,"...2015 A farm in Kukkal, Tamil Nadu, India captured on April 25, 2009. Image Credit:...SA2.0 A farm in Kukkal, Tamil Nadu, India captured on April 25, 2009. Image Credit:",https://lpdaac.usgs.gov/resources/data-action/irrigation-and-land-use-change-tamil-nadu/
"Country-Level Population and Downscaled Projections Based on the SRES B2 Scenario, 1990-2100","...including Africa, Asia (minus India and China), India, China, Europe, Latin America...BHUTAN CONTINENT ASIA SOUTHCENTRAL ASIA INDIA CONTINENT ASIA SOUTHCENTRAL ASIA IRAN",https://cmr.earthdata.nasa.gov/search/concepts/C179001919-SEDAC.html
LP DAAC - MYD21A2,"...from the MYD21A2 product over India on India from October 23 - 30, 2020. View",https://lpdaac.usgs.gov/products/myd21a2v061/
A kink in the jet stream | Earthdata,...that pours on the Bay of Bengal in India. “The Bay of Bengal usually bears the...which runs the length of Pakistan from India in the north all the way to the Arabian,https://earthdata.nasa.gov/learn/sensing-our-planet/a-kink-in-the-jet-stream
Tropical Cyclone Amphan in the Bay of Bengal | Earthdata,...is projected to make landfall at the India-Bangladesh border. The image was acquired,https://earthdata.nasa.gov/worldview/worldview-image-archive/tropical-cyclone-amphan-in-the-bay-of-bengal
Karakoram Mountain Range | Earthdata,"...range spanning the borders of Pakistan, India, China, Afghanistan and Tajikistan",https://earthdata.nasa.gov/worldview/worldview-image-archive/karakoram-mountain-range
The Sundarbans | Earthdata,...mangrove forest part of which is in India and the other part in Bangladesh. The,https://earthdata.nasa.gov/worldview/worldview-image-archive/the-sundarbans
International Ocean Vector Winds Science Team Meeting (IOVWST) | PO.DAAC / JPL / NASA,"Location: Bangalore, India Event Date: June 3, 2020 to June 5, 2020 External",https://podaac.jpl.nasa.gov/events/2020-02-10_IOVWST_2020
INDOEX,INDOEX INDOEX Measurements from the India Ocean Experiment (INDOEX) in 1999.,https://cmr.earthdata.nasa.gov/search/concepts/C1633360380-OB_DAAC.html
Who uses NASA Earth Science Data? Data User Profiles | Earthdata,"...energy resources, Indus River, Tibet, India, Pakistan, Arabian Sea, hydrologic...ecosystems, farms, forestry, conservation, India, SEDAC, socioeconomic, VIIRS, NDVI",https://earthdata.nasa.gov/learn/user-resources/who-uses-nasa-earth-science-data-user-profiles
EOSDIS Data News - June 2020 | Earthdata,"Emissions (PLUE) Spatial Data from the 2011 India Census, v1 (2011) doi:10.7927/gya1-wp91",https://earthdata.nasa.gov/eosdis-data-news-archive/eosdis-data-news-june-2020
Nighttime Images Show Changes in Human Activity | Earthdata,...of Ramadan or the electrification of India. They can also be used to help inform,https://earthdata.nasa.gov/learn/articles/feature-articles/nighttime-images-wuhan
Crazy bad air | Earthdata,"...been in the spotlight in recent years, India had the worst air quality in the world...indicate the highest levels of exposure; India, Bangladesh, Pakistan, and China scored",https://earthdata.nasa.gov/learn/sensing-our-planet/crazy-bad-air
"NPP Multi-Biome: Grassland, Boreal Forest, and Tropical Forest Sites, 1939-1996, R1","...been removed. NPP data for Vindhyan, India; Atherton, Australia; John Crow Ridge",https://cmr.earthdata.nasa.gov/search/concepts/C179003115-ORNL_DAAC.html
Matter in Motion: Earth's Changing Gravity | Earthdata,"...instance, the ocean surface off the tip of India is about 200 meters (650 feet) closer...the Amazon, and the monsoon cycle in India,"" said Tapley. Detecting how much water",https://earthdata.nasa.gov/learn/sensing-our-planet/matter-in-motion-earth-s-changing-gravity
Eight Citizen Science Projects Receive NASA Funding | Earthdata,"...effort examining air quality over Delhi, India, Los Angeles, CA, and Raleigh, NC,",https://earthdata.nasa.gov/learn/articles/csesp-roses-awards
CMR Search - Landing Pages for SEDAC EOSDIS Collections,"CIESIN_SEDAC_IPCC_SRES_FLGASES 1.00 Browse 1 Granule India Annual Winter Cropped Area, 2001-2016...CIESIN_SEDAC_INDIA_AWCA 1.00 Browse 18 Granules India Village-Level Geospatial Socio-Economic",https://cmr.earthdata.nasa.gov/search/site/collections/directory/SEDAC/gov.nasa.eosdis
"NPP Multi-Biome: Global Primary Production Data Initiative Products, R2","BNPP, and TNPP estimates for Vindhyan, India, in the Class B NPP data file. Please",https://cmr.earthdata.nasa.gov/search/concepts/C179132545-ORNL_DAAC.html
Winter blooms in the Arabian Sea | Earthdata,"...the west, Pakistan in the north, and India in the east. They monitor these using...water low in oxygen. “Big cities in India and the Middle East release lots of",https://earthdata.nasa.gov/learn/sensing-our-planet/winter-blooms-in-the-arabian-sea
Potential Impacts of Climate Change on World Food Supply: Datasets from a Major Crop Modeling Study,JAPAN CONTINENT ASIA SOUTHCENTRAL ASIA INDIA CONTINENT ASIA SOUTHCENTRAL ASIA PAKISTAN,https://cmr.earthdata.nasa.gov/search/concepts/C179001942-SEDAC.html
LP DAAC - MOD21A1D,"...data from the MOD21A1D product over India on June 26, 2017. View full-size image",https://lpdaac.usgs.gov/products/mod21a1dv006/
LP DAAC - MOD21A1N,"...data from the MOD21A1N product over India on June 09, 2000. View full-size image",https://lpdaac.usgs.gov/products/mod21a1nv006/
Urban Landsat: Cities from Space,AFGHANISTAN CONTINENT ASIA SOUTHCENTRAL ASIA INDIA CONTINENT ASIA SOUTHCENTRAL ASIA NEPAL,https://cmr.earthdata.nasa.gov/search/concepts/C179001954-SEDAC.html
LP DAAC - MYD21,"Temperature (LST) from the MYD21 product over India on September 28, 2018. View full-size",https://lpdaac.usgs.gov/products/myd21v006/
LP DAAC - MYD21A1D,"...(LST) from the MYD21A1D product over India on September 30, 2018. View full-size",https://lpdaac.usgs.gov/products/myd21a1dv006/
LP DAAC - MYD21A2,"...(LST) from the MYD21A2 product over India from September 22 - 29, 2018. View",https://lpdaac.usgs.gov/products/myd21a2v006/
LP DAAC - MYD21A1N,"...data from the MYD21A1N product over India on May 07, 2020. View full-size image",https://lpdaac.usgs.gov/products/myd21a1nv061/
LP DAAC - MOD21A1N,"...data from the MOD21A1N product over India on May 08, 2020. View full-size image",https://lpdaac.usgs.gov/products/mod21a1nv061/
LP DAAC - MOD21A2,"...data from the MOD21A2 product over India on January 5, 2000. View full-size",https://lpdaac.usgs.gov/products/mod21a2v006/
LP DAAC - MOD21,"...(LST) data from the MOD21 product over India on June 28, 2018. View full-size image",https://lpdaac.usgs.gov/products/mod21v006/
LP DAAC - MYD21A1N,"...(LST) from the MYD21A1N product over India on September 8, 2018. View full-size",https://lpdaac.usgs.gov/products/myd21a1nv006/
LP DAAC - MYD21A1D,"...data from the MYD21A1D product over India on May 9, 2020. View full-size image",https://lpdaac.usgs.gov/products/myd21a1dv061/
LP DAAC - MOD21A1D,"...data from the MOD21A1D product over India on May 3, 2020. View full-size image",https://lpdaac.usgs.gov/products/mod21a1dv061/
"Population Exposure Estimates in Proximity to Nuclear Power Plants, Locations",TAIWAN CONTINENT ASIA SOUTHCENTRAL ASIA INDIA CONTINENT ASIA SOUTHCENTRAL ASIA IRAN,https://cmr.earthdata.nasa.gov/search/concepts/C1000000480-SEDAC.html
LP DAAC - MYD21,"...(LST) data from the MOD21 product over India on December 3, 2020. View full-size",https://lpdaac.usgs.gov/products/myd21v061/
LP DAAC - MOD21,"...(LST) data from the MOD21 product over India on Dec 1, 2020. View full-size image",https://lpdaac.usgs.gov/products/mod21v061/
LP DAAC - MOD17A3,"...data from the MOD17A3 product over India, 2014. View full-size image 47914 252nd",https://lpdaac.usgs.gov/products/mod17a3v055/
MOPITT Data now Available in LANCE | Earthdata,...concentrations (gray areas north of India and in Antarctica are areas where no,https://earthdata.nasa.gov/learn/articles/feature-articles/health-and-air-quality-articles/mopitt-data-now-available-in-lance
LP DAAC - MOD21A2,"...data from the MOD21A2 product over India on January 1 - 8, 2020. View full-size",https://lpdaac.usgs.gov/products/mod21a2v061/
2000 Pilot Environmental Sustainability Index (ESI),KOREA CONTINENT ASIA SOUTHCENTRAL ASIA INDIA CONTINENT ASIA SOUTHEASTERN ASIA THAILAND,https://cmr.earthdata.nasa.gov/search/concepts/C179001887-SEDAC.html
Millennium Ecosystem Assessment: MA Biodiversity,TAIWAN CONTINENT ASIA SOUTHCENTRAL ASIA INDIA CONTINENT ASIA WESTERN ASIA MIDDLE,https://cmr.earthdata.nasa.gov/search/concepts/C1000000560-SEDAC.html
Lake Observations from Citizen Scientists and Satellites | Earthdata,...the monsoon rains from mountains in India in the Assam province. These water,https://earthdata.nasa.gov/esds/competitive-programs/csesp/tracking-water-storage-in-lakes
Data Pathfinders | Earthdata,"...optical depth (AOD) measurements over India, March 31 to April 5, for each year",https://earthdata.nasa.gov/learn/pathfinders
OMPS/NPP PCA SO2 Total Column 1-Orbit L2 Swath 50x50km V2 (OMPS_NPP_NMSO2_PCA_L2) at GES DISC,"...major anthropogenic SO2 sources (e.g., India, eastern China, the Middle East, and",https://cmr.earthdata.nasa.gov/search/concepts/C1917909223-GES_DISC.html
Fusing Five Satellite Instruments' Data Into One Dataset: Introducing Terra Fusion | Earthdata,...) There's a well-known parable from India about a group of blind men who come,https://earthdata.nasa.gov/learn/articles/tools-and-technology-articles/introducing-terra-fusion
An Earth System Data Record of Earth's Surface Mass Variations from GRACE and Geodetic Satellites | Earthdata,"... groundwater depletion (e.g., over India or California), and ocean mass changes",https://earthdata.nasa.gov/esds/competitive-programs/measures/esdr-of-earth-s-surface-mass-variations
"CODATA Catalog of Roads Data Sets, Version 1",BHUTAN CONTINENT ASIA SOUTHCENTRAL ASIA INDIA CONTINENT ASIA SOUTHCENTRAL ASIA IRAN,https://cmr.earthdata.nasa.gov/search/concepts/C179002127-SEDAC.html
2001 Environmental Sustainability Index (ESI),BHUTAN CONTINENT ASIA SOUTHCENTRAL ASIA INDIA CONTINENT ASIA SOUTHCENTRAL ASIA IRAN,https://cmr.earthdata.nasa.gov/search/concepts/C1000000220-SEDAC.html
"Anthropogenic Sulfur Dioxide Emissions, 1850-2005: National and Regional Data Set by Source Category, Version 2.86",BANGLADESH CONTINENT ASIA SOUTHCENTRAL ASIA INDIA CONTINENT ASIA SOUTHCENTRAL ASIA IRAN,https://cmr.earthdata.nasa.gov/search/concepts/C1000000030-SEDAC.html
"Global Mangrove Forests Distribution, 2000",BANGLADESH CONTINENT ASIA SOUTHCENTRAL ASIA INDIA CONTINENT ASIA SOUTHCENTRAL ASIA IRAN,https://cmr.earthdata.nasa.gov/search/concepts/C1000000440-SEDAC.html
Gravity Recovery and Climate Experiment (GRACE) Twin Satellites | PO.DAAC / JPL / NASA,"...changes and recharge in Rajasthan, India through remote sensing, Water,https://doi...for increasing groundwater areas in India, Journal of hydrology,https://doi.org/10",https://podaac.jpl.nasa.gov/GRACE
2002 Environmental Sustainability Index (ESI),BHUTAN CONTINENT ASIA SOUTHCENTRAL ASIA INDIA CONTINENT ASIA SOUTHCENTRAL ASIA IRAN,https://cmr.earthdata.nasa.gov/search/concepts/C179001967-SEDAC.html
Poverty Mapping Project: Global Subnational Prevalence of Child Malnutrition,BHUTAN CONTINENT ASIA SOUTHCENTRAL ASIA INDIA CONTINENT ASIA SOUTHCENTRAL ASIA IRAN,https://cmr.earthdata.nasa.gov/search/concepts/C179001944-SEDAC.html
Warnings from the ionosphere | Earthdata,...from the ionosphere From Indonesia to India A spread of green Sensing Our Planet,https://earthdata.nasa.gov/learn/sensing-our-planet/warnings-from-the-ionosphere
EOSDIS Data News Archive | Earthdata,"PLUE, population, land use, emissions, India, census, Investigation of Microphysics... PM2.5, administrative boundaries, India, OLYMPEX, Olympic Mountain Experiment",https://earthdata.nasa.gov/eosdis-data-news-archive
Compendium of Environmental Sustainability Indicator Collections: 2006 National Footprint Accounts (NFA),BANGLADESH CONTINENT ASIA SOUTHCENTRAL ASIA INDIA CONTINENT ASIA SOUTHCENTRAL ASIA IRAN,https://cmr.earthdata.nasa.gov/search/concepts/C1418641019-SEDAC.html
"Synthetic Assessment of Global Distribution of Vulnerability to Climate Change: Maps and Data, 2005, 2050, and 2100",BANGLADESH CONTINENT ASIA SOUTHCENTRAL ASIA INDIA CONTINENT ASIA SOUTHCENTRAL ASIA IRAN,https://cmr.earthdata.nasa.gov/search/concepts/C179001951-SEDAC.html
Sea Level Rise Impacts on Ramsar Wetlands of International Importance,BANGLADESH CONTINENT ASIA SOUTHCENTRAL ASIA INDIA CONTINENT ASIA SOUTHCENTRAL ASIA IRAN,https://cmr.earthdata.nasa.gov/search/concepts/C1000000260-SEDAC.html
2005 Environmental Sustainability Index (ESI),BHUTAN CONTINENT ASIA SOUTHCENTRAL ASIA INDIA CONTINENT ASIA SOUTHCENTRAL ASIA IRAN,https://cmr.earthdata.nasa.gov/search/concepts/C179001889-SEDAC.html
User Profile: Dr. Thomas A. Herring | Earthdata,"Quasi-Zenith Satellite System (QZSS), and India has the Indian Regional Navigation",https://earthdata.nasa.gov/learn/user-resources/who-uses-nasa-earth-science-data-user-profiles/user-profile-dr-thomas-a-herring
"Natural Resource Management Index (NRMI), 2010 Release",BHUTAN CONTINENT ASIA SOUTHCENTRAL ASIA INDIA CONTINENT ASIA SOUTHCENTRAL ASIA KAZAKHSTAN,https://cmr.earthdata.nasa.gov/search/concepts/C1000000007-SEDAC.html
The Flood Hunters | Earthdata,"...2004, monsoon rains swelled rivers in India, Bangladesh, and Nepal, killing more",https://earthdata.nasa.gov/learn/sensing-our-planet/the-flood-hunters
Effects of Climate Change on Global Food Production from SRES Emissions and Socioeconomic Scenarios,BHUTAN CONTINENT ASIA SOUTHCENTRAL ASIA INDIA CONTINENT ASIA SOUTHCENTRAL ASIA IRAN,https://cmr.earthdata.nasa.gov/search/concepts/C1418651576-SEDAC.html
2012 Environmental Performance Index and Pilot Trend Environmental Performance Index,BANGLADESH CONTINENT ASIA SOUTHCENTRAL ASIA INDIA CONTINENT ASIA SOUTHCENTRAL ASIA IRAN,https://cmr.earthdata.nasa.gov/search/concepts/C1000000000-SEDAC.html
2010 Environmental Performance Index (EPI),BANGLADESH CONTINENT ASIA SOUTHCENTRAL ASIA INDIA CONTINENT ASIA SOUTHCENTRAL ASIA IRAN,https://cmr.earthdata.nasa.gov/search/concepts/C179002147-SEDAC.html
Rooting out rainfall | Earthdata,"...that lie in the north tropics, such as India and Colombia. Other changes, such as",https://earthdata.nasa.gov/learn/sensing-our-planet/rooting-out-rainfall
"Country-Level GDP and Downscaled Projections Based on the SRES A1, A2, B1, and B2 Marker Scenarios, 1990-2100",BHUTAN CONTINENT ASIA SOUTHCENTRAL ASIA INDIA CONTINENT ASIA SOUTHCENTRAL ASIA IRAN,https://cmr.earthdata.nasa.gov/search/concepts/C179001917-SEDAC.html
2012 Environmental Performance Index and Pilot Trend Environmental Performance Index,BANGLADESH CONTINENT ASIA SOUTHCENTRAL ASIA INDIA CONTINENT ASIA SOUTHCENTRAL ASIA IRAN,https://cmr.earthdata.nasa.gov/search/concepts/C1000000000-SEDAC.html
User Profile: Dr. Kristy Tiampo | Earthdata,"Columbia; Luanda, Angola; Chennai, India; Baghdad, Iraq; and Dar es Salaam,",https://earthdata.nasa.gov/learn/user-resources/who-uses-nasa-earth-science-data-user-profiles/user-profile-dr-kristy-tiampo
The big fat puzzle | Earthdata,...from the ionosphere From Indonesia to India A spread of green Sensing Our Planet,https://earthdata.nasa.gov/learn/sensing-our-planet/the-big-fat-puzzle
2014 Environmental Performance Index (EPI),BANGLADESH CONTINENT ASIA SOUTHCENTRAL ASIA INDIA CONTINENT ASIA SOUTHCENTRAL ASIA IRAN,https://cmr.earthdata.nasa.gov/search/concepts/C1000000541-SEDAC.html
"Natural Resource Management Index (NRMI), 2011 Release",BHUTAN CONTINENT ASIA SOUTHCENTRAL ASIA INDIA CONTINENT ASIA SOUTHCENTRAL ASIA IRAN,https://cmr.earthdata.nasa.gov/search/concepts/C1000000031-SEDAC.html
Sensing Invasive Species From Space | Earthdata,"...a chain of islands off the coast of India, that there was a significant reduction",https://earthdata.nasa.gov/learn/articles/sensing-invasive-species
TOPEX-POSEIDON Mission | PO.DAAC / JPL / NASA,"...coast, India, Journal of the Marine Biological Association of India,https://doi",https://podaac.jpl.nasa.gov/TOPEX-POSEIDON
Drought on the range | Earthdata,...from the ionosphere From Indonesia to India A spread of green Sensing Our Planet,https://earthdata.nasa.gov/learn/sensing-our-planet/drought-on-the-range
Pilot 2006 Environmental Performance Index (EPI),BANGLADESH CONTINENT ASIA SOUTHCENTRAL ASIA INDIA CONTINENT ASIA SOUTHCENTRAL ASIA IRAN,https://cmr.earthdata.nasa.gov/search/concepts/C179001815-SEDAC.html
"Country-Level Population and Downscaled Projections Based on the SRES A1, B1, and A2 Scenarios, 1990-2100",BHUTAN CONTINENT ASIA SOUTHCENTRAL ASIA INDIA CONTINENT ASIA SOUTHCENTRAL ASIA IRAN,https://cmr.earthdata.nasa.gov/search/concepts/C179001918-SEDAC.html
User Profile: Dr. Navin Ramankutty | Earthdata,"...crops in 2000. Darker areas, such as in India and the U.S. Midwest, indicate a higher",https://earthdata.nasa.gov/learn/user-resources/who-uses-nasa-earth-science-data-user-profiles/user-profile-dr-navin-ramankutty
NASA FIRMS Helps Fight Wildland Fires in Near Real-Time | Earthdata,"...it,” Davies says. “For example, in India the Forest Departments in both the",https://earthdata.nasa.gov/learn/articles/tools-and-technology-articles/nasa-firms-helps-fight-wildland-fires-in-near-real-time
IPCC Socio-Economic Baseline Dataset,BHUTAN CONTINENT ASIA SOUTHCENTRAL ASIA INDIA CONTINENT ASIA SOUTHCENTRAL ASIA IRAN,https://cmr.earthdata.nasa.gov/search/concepts/C179001801-SEDAC.html
"National Aggregates of Geospatial Data Collection: Population, Landscape, And Climate Estimates, Version 2 (PLACE II)",BHUTAN CONTINENT ASIA SOUTHCENTRAL ASIA INDIA CONTINENT ASIA SOUTHCENTRAL ASIA IRAN,https://cmr.earthdata.nasa.gov/search/concepts/C179001708-SEDAC.html
COVID-19 Data Pathfinder | Earthdata,Particle Levels Plummet in Northern India New-generation satellite observations,https://earthdata.nasa.gov/learn/pathfinders/covid-19
"Population Exposure Estimates in Proximity to Nuclear Power Plants, Country-Level Aggregates",BHUTAN CONTINENT ASIA SOUTHCENTRAL ASIA INDIA CONTINENT ASIA SOUTHCENTRAL ASIA IRAN,https://cmr.earthdata.nasa.gov/search/concepts/C1000000460-SEDAC.html
"National Aggregates of Geospatial Data Collection: Population, Landscape, And Climate Estimates (PLACE)",BHUTAN CONTINENT ASIA SOUTHCENTRAL ASIA INDIA CONTINENT ASIA SOUTHCENTRAL ASIA IRAN,https://cmr.earthdata.nasa.gov/search/concepts/C179001940-SEDAC.html
User Profile: Dr. Piyush Agram | Earthdata,"...targeted radar imaging, primarily over India. In addition, NISAR’s L-band and S-band",https://earthdata.nasa.gov/learn/user-resources/who-uses-nasa-earth-science-data-user-profiles/user-profile-dr-piyush-agram
2008 Environmental Performance Index (EPI),BANGLADESH CONTINENT ASIA SOUTHCENTRAL ASIA INDIA CONTINENT ASIA SOUTHCENTRAL ASIA IRAN,https://cmr.earthdata.nasa.gov/search/concepts/C179001707-SEDAC.html
Socioeconomic Data and Applications Center (SEDAC) Collection of Treaty Texts,BHUTAN CONTINENT ASIA SOUTHCENTRAL ASIA INDIA CONTINENT ASIA SOUTHCENTRAL ASIA IRAN,https://cmr.earthdata.nasa.gov/search/concepts/C179001949-SEDAC.html
Socioeconomic Data and Applications Center (SEDAC) Collection of Treaty Texts,BHUTAN CONTINENT ASIA SOUTHCENTRAL ASIA INDIA CONTINENT ASIA SOUTHCENTRAL ASIA IRAN,https://cmr.earthdata.nasa.gov/search/concepts/C179001949-SEDAC.html
"National Aggregates of Geospatial Data Collection: Population, Landscape, And Climate Estimates (PLACE)",BHUTAN CONTINENT ASIA SOUTHCENTRAL ASIA INDIA CONTINENT ASIA SOUTHCENTRAL ASIA IRAN,https://cmr.earthdata.nasa.gov/search/concepts/C179001940-SEDAC.html
A rising problem | Earthdata,...from the ionosphere From Indonesia to India A spread of green Sensing Our Planet,https://earthdata.nasa.gov/learn/sensing-our-planet/a-rising-problem
Carbon control | Earthdata,...from the ionosphere From Indonesia to India A spread of green Sensing Our Planet,https://earthdata.nasa.gov/learn/sensing-our-planet/carbon-control
"Environmental Treaty Status Data Set, 2012 Release",BHUTAN CONTINENT ASIA SOUTHCENTRAL ASIA INDIA CONTINENT ASIA SOUTHCENTRAL ASIA IRAN,https://cmr.earthdata.nasa.gov/search/concepts/C1426529736-SEDAC.html
"Low Elevation Coastal Zone (LECZ) Urban-Rural Population and Land Area Estimates, Version 2",BANGLADESH CONTINENT ASIA SOUTHCENTRAL ASIA INDIA CONTINENT ASIA SOUTHCENTRAL ASIA IRAN,https://cmr.earthdata.nasa.gov/search/concepts/C1000000400-SEDAC.html
Poverty Mapping Project: Global Subnational Infant Mortality Rates,BHUTAN CONTINENT ASIA SOUTHCENTRAL ASIA INDIA CONTINENT ASIA SOUTHCENTRAL ASIA IRAN,https://cmr.earthdata.nasa.gov/search/concepts/C179001943-SEDAC.html
Strange bedfellows | Earthdata,"...forests in southern Mexico, central India, Madagascar, and South America. Instead",https://earthdata.nasa.gov/learn/sensing-our-planet/strange-bedfellows
"Global Fire Emissions Indicators, Country-Level Tabular Data: 1997-2015",BHUTAN CONTINENT ASIA SOUTHCENTRAL ASIA INDIA CONTINENT ASIA SOUTHCENTRAL ASIA IRAN,https://cmr.earthdata.nasa.gov/search/concepts/C1457414586-SEDAC.html
Compendium of Environmental Sustainability Indicator Collections: The Wellbeing of Nations,BHUTAN CONTINENT ASIA SOUTHCENTRAL ASIA INDIA CONTINENT ASIA SOUTHCENTRAL ASIA IRAN,https://cmr.earthdata.nasa.gov/search/concepts/C179001916-SEDAC.html
When the big picture is not enough | Earthdata,"Conference on Remote Sensing, New Delhi, India, October 2017. Royandoyan, O. M. 2015",https://earthdata.nasa.gov/learn/sensing-our-planet/when-the-big-picture-is-not-enough
Zika zone | Earthdata,...from the ionosphere From Indonesia to India A spread of green Sensing Our Planet,https://earthdata.nasa.gov/learn/sensing-our-planet/zika-zone
"IPCC IS92 Emissions Scenarios (A, B, C, D, E, F) Dataset Version 1.1",BHUTAN CONTINENT ASIA SOUTHCENTRAL ASIA INDIA CONTINENT ASIA SOUTHCENTRAL ASIA IRAN,https://cmr.earthdata.nasa.gov/search/concepts/C179001930-SEDAC.html
To the lighthouse | Earthdata,...from the ionosphere From Indonesia to India A spread of green Sensing Our Planet,https://earthdata.nasa.gov/learn/sensing-our-planet/to-the-lighthouse
"Natural Resource Protection and Child Health Indicators, 2016 Release",BHUTAN CONTINENT ASIA SOUTHCENTRAL ASIA INDIA CONTINENT ASIA SOUTHCENTRAL ASIA IRAN,https://cmr.earthdata.nasa.gov/search/concepts/C1378817802-SEDAC.html
"Natural Resource Protection and Child Health Indicators, 2015 Release",BHUTAN CONTINENT ASIA SOUTHCENTRAL ASIA INDIA CONTINENT ASIA SOUTHCENTRAL ASIA IRAN,https://cmr.earthdata.nasa.gov/search/concepts/C1341549597-SEDAC.html
Mountains of precipitation | Earthdata,...from the ionosphere From Indonesia to India A spread of green Sensing Our Planet,https://earthdata.nasa.gov/learn/sensing-our-planet/mountains-of-precipitation
Spin cycle | Earthdata,...from the ionosphere From Indonesia to India A spread of green Sensing Our Planet,https://earthdata.nasa.gov/learn/sensing-our-planet/spin-cycle
Wildfires Can't Hide from Earth Observing Satellites | Earthdata,System (EFFIS) and the Forest Survey of India are just some of the worldwide government,https://earthdata.nasa.gov/learn/articles/feature-articles/wildfire-articles/wildfires-cant-hide-from-earth-observing-satellites
"National Aggregates of Geospatial Data Collection: Population, Landscape, And Climate Estimates, Version 3 (PLACE III)",BHUTAN CONTINENT ASIA SOUTHCENTRAL ASIA INDIA CONTINENT ASIA SOUTHCENTRAL ASIA IRAN,https://cmr.earthdata.nasa.gov/search/concepts/C1000000006-SEDAC.html
Himalaya's heat pump | Earthdata,...disputed territory administered by India but claimed by Pakistan. Boundary squabbles,https://earthdata.nasa.gov/learn/sensing-our-planet/himalaya-s-heat-pump
Mountains of precipitation | Earthdata,...from the ionosphere From Indonesia to India A spread of green Sensing Our Planet,https://earthdata.nasa.gov/learn/sensing-our-planet/mountains-of-precipitation
"Natural Resource Protection and Child Health Indicators, 2015 Release",BHUTAN CONTINENT ASIA SOUTHCENTRAL ASIA INDIA CONTINENT ASIA SOUTHCENTRAL ASIA IRAN,https://cmr.earthdata.nasa.gov/search/concepts/C1341549597-SEDAC.html
Global Man-made Impervious Surface (GMIS) Dataset From Landsat,BHUTAN CONTINENT ASIA SOUTHCENTRAL ASIA INDIA CONTINENT ASIA SOUTHCENTRAL ASIA IRAN,https://cmr.earthdata.nasa.gov/search/concepts/C1517102461-SEDAC.html
"Gridded Population of the World, Version 3 (GPWv3): National Identifier Grid",BHUTAN CONTINENT ASIA SOUTHCENTRAL ASIA INDIA CONTINENT ASIA SOUTHCENTRAL ASIA IRAN,https://cmr.earthdata.nasa.gov/search/concepts/C1000000042-SEDAC.html
"Compendium of Environmental Sustainability Indicator Collections: Complete Collection, Version 1.1",BHUTAN CONTINENT ASIA SOUTHCENTRAL ASIA INDIA CONTINENT ASIA SOUTHCENTRAL ASIA IRAN,https://cmr.earthdata.nasa.gov/search/concepts/C1418954625-SEDAC.html
"Gridded Population of the World, Version 3 (GPWv3): Subnational Administrative Boundaries",BHUTAN CONTINENT ASIA SOUTHCENTRAL ASIA INDIA CONTINENT ASIA SOUTHCENTRAL ASIA IRAN,https://cmr.earthdata.nasa.gov/search/concepts/C1000000045-SEDAC.html
"Natural Resource Protection and Child Health Indicators, 2014 Release",BHUTAN CONTINENT ASIA SOUTHCENTRAL ASIA INDIA CONTINENT ASIA SOUTHCENTRAL ASIA IRAN,https://cmr.earthdata.nasa.gov/search/concepts/C1000000640-SEDAC.html
"Gridded Population of the World, Version 3 (GPWv3): Population Count Grid, Future Estimates",BHUTAN CONTINENT ASIA SOUTHCENTRAL ASIA INDIA CONTINENT ASIA SOUTHCENTRAL ASIA IRAN,https://cmr.earthdata.nasa.gov/search/concepts/C1000000023-SEDAC.html
"Global Rural-Urban Mapping Project, Version 1 (GRUMPv1): National Identifier Grid",BHUTAN CONTINENT ASIA SOUTHCENTRAL ASIA INDIA CONTINENT ASIA SOUTHCENTRAL ASIA IRAN,https://cmr.earthdata.nasa.gov/search/concepts/C1000000028-SEDAC.html
"Global Rural-Urban Mapping Project, Version 1 (GRUMPv1): Population Count Grid",BHUTAN CONTINENT ASIA SOUTHCENTRAL ASIA INDIA CONTINENT ASIA SOUTHCENTRAL ASIA IRAN,https://cmr.earthdata.nasa.gov/search/concepts/C1000000005-SEDAC.html
"Global Rural-Urban Mapping Project, Version 1 (GRUMPv1): Coastlines",BHUTAN CONTINENT ASIA SOUTHCENTRAL ASIA INDIA CONTINENT ASIA SOUTHCENTRAL ASIA IRAN,https://cmr.earthdata.nasa.gov/search/concepts/C1000000004-SEDAC.html
"Gridded Population of the World, Version 3 (GPWv3): Land and Geographic Unit Area Grids",BHUTAN CONTINENT ASIA SOUTHCENTRAL ASIA INDIA CONTINENT ASIA SOUTHCENTRAL ASIA IRAN,https://cmr.earthdata.nasa.gov/search/concepts/C1000000022-SEDAC.html
"Gridded Population of the World, Version 3 (GPWv3): Population Count Grid",BHUTAN CONTINENT ASIA SOUTHCENTRAL ASIA INDIA CONTINENT ASIA SOUTHCENTRAL ASIA IRAN,https://cmr.earthdata.nasa.gov/search/concepts/C1000000043-SEDAC.html
Global Human Built-up And Settlement Extent (HBASE) Dataset From Landsat,BHUTAN CONTINENT ASIA SOUTHCENTRAL ASIA INDIA CONTINENT ASIA SOUTHCENTRAL ASIA IRAN,https://cmr.earthdata.nasa.gov/search/concepts/C1517101319-SEDAC.html
"Gridded Population of the World, Version 3 (GPWv3): Coastlines",BHUTAN CONTINENT ASIA SOUTHCENTRAL ASIA INDIA CONTINENT ASIA SOUTHCENTRAL ASIA IRAN,https://cmr.earthdata.nasa.gov/search/concepts/C1000000003-SEDAC.html
A spread of green | Earthdata,...from the ionosphere From Indonesia to India A spread of green Sensing Our Planet,https://earthdata.nasa.gov/learn/sensing-our-planet/a-spread-of-green
2018 Environmental Performance Index (EPI),BHUTAN CONTINENT ASIA SOUTHCENTRAL ASIA INDIA CONTINENT ASIA SOUTHCENTRAL ASIA IRAN,https://cmr.earthdata.nasa.gov/search/concepts/C1604900383-SEDAC.html
"Natural Resource Protection and Child Health Indicators, 2019 Release",BHUTAN CONTINENT ASIA SOUTHCENTRAL ASIA INDIA CONTINENT ASIA SOUTHCENTRAL ASIA IRAN,https://cmr.earthdata.nasa.gov/search/concepts/C1886603997-SEDAC.html
"Gridded Population of the World, Version 3 (GPWv3): Population Density Grid",BHUTAN CONTINENT ASIA SOUTHCENTRAL ASIA INDIA CONTINENT ASIA SOUTHCENTRAL ASIA IRAN,https://cmr.earthdata.nasa.gov/search/concepts/C1000000044-SEDAC.html
A spread of green | Earthdata,...from the ionosphere From Indonesia to India A spread of green Sensing Our Planet,https://earthdata.nasa.gov/learn/sensing-our-planet/a-spread-of-green
Compendium of Environmental Sustainability Indicator Collections: 2004 Environmental Vulnerability Index (EVI),BHUTAN CONTINENT ASIA SOUTHCENTRAL ASIA INDIA CONTINENT ASIA SOUTHCENTRAL ASIA IRAN,https://cmr.earthdata.nasa.gov/search/concepts/C1418622315-SEDAC.html
2020 Environmental Performance Index (EPI),BHUTAN CONTINENT ASIA SOUTHCENTRAL ASIA INDIA CONTINENT ASIA SOUTHCENTRAL ASIA IRAN,https://cmr.earthdata.nasa.gov/search/concepts/C2000613920-SEDAC.html
"Global Rural-Urban Mapping Project, Version 1 (GRUMPv1): Settlement Points",BHUTAN CONTINENT ASIA SOUTHCENTRAL ASIA INDIA CONTINENT ASIA SOUTHCENTRAL ASIA IRAN,https://cmr.earthdata.nasa.gov/search/concepts/C1000000047-SEDAC.html
"Gridded Population of the World, Version 3 (GPWv3): National Administrative Boundaries",BHUTAN CONTINENT ASIA SOUTHCENTRAL ASIA INDIA CONTINENT ASIA SOUTHCENTRAL ASIA IRAN,https://cmr.earthdata.nasa.gov/search/concepts/C1000000041-SEDAC.html
"Gridded Population of the World, Version 3 (GPWv3): Centroids",BHUTAN CONTINENT ASIA SOUTHCENTRAL ASIA INDIA CONTINENT ASIA SOUTHCENTRAL ASIA IRAN,https://cmr.earthdata.nasa.gov/search/concepts/C1428079129-SEDAC.html
"Natural Resource Protection and Child Health Indicators, 2012 Release",BHUTAN CONTINENT ASIA SOUTHCENTRAL ASIA INDIA CONTINENT ASIA SOUTHCENTRAL ASIA IRAN,https://cmr.earthdata.nasa.gov/search/concepts/C1000000240-SEDAC.html
Closed season | Earthdata,...from the ionosphere From Indonesia to India A spread of green Sensing Our Planet,https://earthdata.nasa.gov/learn/sensing-our-planet/closed-season
"Global Rural-Urban Mapping Project, Version 1 (GRUMPv1): National Administrative Boundaries",BHUTAN CONTINENT ASIA SOUTHCENTRAL ASIA INDIA CONTINENT ASIA SOUTHCENTRAL ASIA IRAN,https://cmr.earthdata.nasa.gov/search/concepts/C1000000046-SEDAC.html
"Global Rural-Urban Mapping Project, Version 1 (GRUMPv1): Population Density Grid",BHUTAN CONTINENT ASIA SOUTHCENTRAL ASIA INDIA CONTINENT ASIA SOUTHCENTRAL ASIA IRAN,https://cmr.earthdata.nasa.gov/search/concepts/C1000000029-SEDAC.html
2016 Environmental Performance Index (EPI),BHUTAN CONTINENT ASIA SOUTHCENTRAL ASIA INDIA CONTINENT ASIA SOUTHCENTRAL ASIA IRAN,https://cmr.earthdata.nasa.gov/search/concepts/C1419908204-SEDAC.html
"Natural Resource Protection and Child Health Indicators, 2013 Release",BHUTAN CONTINENT ASIA SOUTHCENTRAL ASIA INDIA CONTINENT ASIA SOUTHCENTRAL ASIA IRAN,https://cmr.earthdata.nasa.gov/search/concepts/C1000000420-SEDAC.html
"Gridded Population of the World, Version 4 (GPWv4): Administrative Unit Center Points with Population Estimates, Revision 11",BHUTAN CONTINENT ASIA SOUTHCENTRAL ASIA INDIA CONTINENT ASIA SOUTHCENTRAL ASIA IRAN,https://cmr.earthdata.nasa.gov/search/concepts/C1596819702-SEDAC.html
"Gridded Population of the World, Version 4 (GPWv4): Land and Water Area, Revision 11",BHUTAN CONTINENT ASIA SOUTHCENTRAL ASIA INDIA CONTINENT ASIA SOUTHCENTRAL ASIA IRAN,https://cmr.earthdata.nasa.gov/search/concepts/C1597156945-SEDAC.html
"Global Rural-Urban Mapping Project, Version 1 (GRUMPv1): Land and Geographic Unit Area Grids",BHUTAN CONTINENT ASIA SOUTHCENTRAL ASIA INDIA CONTINENT ASIA SOUTHCENTRAL ASIA IRAN,https://cmr.earthdata.nasa.gov/search/concepts/C1000000027-SEDAC.html
"Global Rural-Urban Mapping Project, Version 1 (GRUMPv1): Settlement Points, Revision 01",BHUTAN CONTINENT ASIA SOUTHCENTRAL ASIA INDIA CONTINENT ASIA SOUTHCENTRAL ASIA IRAN,https://cmr.earthdata.nasa.gov/search/concepts/C1381957453-SEDAC.html
"Gridded Population of the World, Version 3 (GPWv3): Population Density Grid, Future Estimates",BHUTAN CONTINENT ASIA SOUTHCENTRAL ASIA INDIA CONTINENT ASIA SOUTHCENTRAL ASIA IRAN,https://cmr.earthdata.nasa.gov/search/concepts/C1000000024-SEDAC.html
EOSDIS Acronym and Symbol List | Earthdata,NRSA National Remote Sensing Agency (India) NRSC National Remote Sensing Centre,https://earthdata.nasa.gov/learn/user-resources/acronym-list
"Global Rural-Urban Mapping Project, Version 1 (GRUMPv1): Urban Extents Grid",BHUTAN CONTINENT ASIA SOUTHCENTRAL ASIA INDIA CONTINENT ASIA SOUTHCENTRAL ASIA IRAN,https://cmr.earthdata.nasa.gov/search/concepts/C1000000080-SEDAC.html
"Natural Resource Protection and Child Health Indicators, 2018 Release",BHUTAN CONTINENT ASIA SOUTHCENTRAL ASIA INDIA CONTINENT ASIA SOUTHCENTRAL ASIA IRAN,https://cmr.earthdata.nasa.gov/search/concepts/C1700153381-SEDAC.html
"Natural Resource Protection and Child Health Indicators, 2018 Release",BHUTAN CONTINENT ASIA SOUTHCENTRAL ASIA INDIA CONTINENT ASIA SOUTHCENTRAL ASIA IRAN,https://cmr.earthdata.nasa.gov/search/concepts/C1700153381-SEDAC.html
"Gridded Population of the World, Version 4 (GPWv4): Data Quality Indicators, Revision 11",BHUTAN CONTINENT ASIA SOUTHCENTRAL ASIA INDIA CONTINENT ASIA SOUTHCENTRAL ASIA IRAN,https://cmr.earthdata.nasa.gov/search/concepts/C1597149689-SEDAC.html
"Gridded Population of the World, Version 4 (GPWv4): Population Density Adjusted to Match 2015 Revision UN WPP Country Totals, Revision 11",BHUTAN CONTINENT ASIA SOUTHCENTRAL ASIA INDIA CONTINENT ASIA SOUTHCENTRAL ASIA IRAN,https://cmr.earthdata.nasa.gov/search/concepts/C1597159820-SEDAC.html
Air Quality | Earthdata,"...valley that includes parts of Pakistan, India, Nepal, and Bangladesh - are among",https://earthdata.nasa.gov/earth-observation-data/near-real-time/hazards-and-disasters/air-quality
"Gridded Population of the World, Version 4 (GPWv4): Basic Demographic Characteristics, Revision 11",BHUTAN CONTINENT ASIA SOUTHCENTRAL ASIA INDIA CONTINENT ASIA SOUTHCENTRAL ASIA IRAN,https://cmr.earthdata.nasa.gov/search/concepts/C1597149465-SEDAC.html
"Gridded Population of the World, Version 4 (GPWv4): National Identifier Grid, Revision 11",BHUTAN CONTINENT ASIA SOUTHCENTRAL ASIA INDIA CONTINENT ASIA SOUTHCENTRAL ASIA IRAN,https://cmr.earthdata.nasa.gov/search/concepts/C1597157684-SEDAC.html
"Gridded Population of the World, Version 4 (GPWv4): Population Count, Revision 11",BHUTAN CONTINENT ASIA SOUTHCENTRAL ASIA INDIA CONTINENT ASIA SOUTHCENTRAL ASIA IRAN,https://cmr.earthdata.nasa.gov/search/concepts/C1597158029-SEDAC.html
"Gridded Population of the World, Version 4 (GPWv4): Population Count Adjusted to Match 2015 Revision of UN WPP Country Totals, Revision 11",BHUTAN CONTINENT ASIA SOUTHCENTRAL ASIA INDIA CONTINENT ASIA SOUTHCENTRAL ASIA IRAN,https://cmr.earthdata.nasa.gov/search/concepts/C1597158382-SEDAC.html
"Gridded Population of the World, Version 4 (GPWv4): Population Density, Revision 11",BHUTAN CONTINENT ASIA SOUTHCENTRAL ASIA INDIA CONTINENT ASIA SOUTHCENTRAL ASIA IRAN,https://cmr.earthdata.nasa.gov/search/concepts/C1597159135-SEDAC.html
Data more powerful than hurricanes | Earthdata,"...countries such as Indonesia, Vietnam, and India, as well as the United States. Balk",https://earthdata.nasa.gov/learn/sensing-our-planet/data-more-powerful-than-hurricanes
[PDF],"Structures in the village of Bhuj, India, which was 80 kilometers (50 miles)...the Kachchh region of northwestern India, provided scientists with just that",https://cdn.earthdata.nasa.gov/conduit/upload/8261/NASA_SOP_2003_squeezing_water_from_rock.pdf
Sensing Our Planet | Earthdata,"GES DISCORNL DAAC 007, Michon Scott, India, PURSE-HIS, endovascular, Black Marble... SMOS, SMAP 2017 From Indonesia to India Salinity Aquarius, Satélite de Aplicaciones",https://earthdata.nasa.gov/learn/sensing-our-planet
[PDF],...in the atmosphere From Indonesia to India “It’s a way that the Pacific Ocean...gov/sensing-our-planet/from-indonesia-to-india. References NASA Aquarius project.,https://cdn.earthdata.nasa.gov/conduit/upload/7261/NASA_SOP_2017_from_indonesia_to_india.pdf
Making Earth System Data Records for Use in Research Environments (MEaSUREs) Program | Earthdata,"...glacier, ice caps, groundwater depletion, India, California, ocean mass changes, sea",https://earthdata.nasa.gov/esds/competitive-programs/measures
Terra: Five Instruments—One Monumental Data Record | Earthdata,"...extreme air pollution over New Delhi, India, on November 5, 2016. Left image is",https://earthdata.nasa.gov/learn/articles/terra-at-20
Aquarius/Satélite de Aplicaciones Científicas-D (Aquarius/SAC-D) Mission | PO.DAAC / JPL / NASA,"...northeastern Arabian Sea by the West India Coastal Current, Climate dynamics,https://doi",https://podaac.jpl.nasa.gov/aquarius
OSCAR third degree resolution ocean surface currents| Physical Oceanography Distributed Active Archive Center (PO.DAAC),"...coast, India, Journal of the Marine Biological Association of India,https://doi...interannual variations of the East India Coastal Current during spring, Climate",https://podaac.jpl.nasa.gov/dataset/OSCAR_L4_OC_third-deg
Quick Scatterometer (QuikSCAT) Mission | PO.DAAC / JPL / NASA,"...coast, India, Journal of the Marine Biological Association of India,https://doi",https://podaac.jpl.nasa.gov/QuikSCAT
ASDC | Publications,"Data Over Parts of Madhya Pradesh, India. IEEE Transactions on Geoscience and",https://eosweb.larc.nasa.gov/publications
Health and Air Quality Data Pathfinder | Earthdata,"Raleigh, North Carolina; and Delhi, India. Citizen-Enabled Aerosol Measurements",https://earthdata.nasa.gov/learn/pathfinders/health-and-air-quality-data-pathfinder
CMR Search - Landing Pages for ORNL_DAAC EOSDIS Collections,"...and Land Cover Classifications across India, 1985, 1995, 2005 Decadal_LULC_India_1336...Granules NPP Grassland: Kurukshetra, India, 1970-1971, R1 NPP_KRK_193 2 Browse",https://cmr.earthdata.nasa.gov/search/site/collections/directory/ORNL_DAAC/gov.nasa.eosdis
[PDF],"...related article, “From Indonesia to India,” on page 46. (Courtesy buitenzorger/flickr)...to pace tsunamis. From Indonesia to India 46 Researchers follow the wanderings",https://cdn.earthdata.nasa.gov/conduit/upload/7268/NASA_SOP_2017.pdf
[PDF],"...cyclone-vardah-approaching-india Fires in northwest India https://earthdata.nasa...nasa.gov/fires-in- northwest-india Published on August 29, 2016 Latest NASA Earthdata",https://cdn.earthdata.nasa.gov/conduit/upload/6317/EOSDISNewsletter2017WinterFINAL.pdf
[PDF],...2000-2016 wet season/ monsoon in South Asia/India. Image by Dr. Chandranath Basak. https://earthdata,https://cdn.earthdata.nasa.gov/conduit/upload/9684/Update_News_Summer18-P4.pdf
[PDF],...https://www.nasa.gov/press/2014/september/us-india-to-collaborate-on-mars-exploration...concentrations (gray areas north of India and in Antarctica are areas where no,https://cdn.earthdata.nasa.gov/conduit/upload/7200/EOSDIS_Update-NEWS-FALL17Final.pdf
[PDF],"...the west, Pakistan in the north, and India in the east. They monitor these using...water low in oxygen. “Big cities in India and the Middle East release lots of",https://cdn.earthdata.nasa.gov/conduit/upload/3307/NASA_SOP_2015_winter_blooms_in_the_arabian_sea.pdf
[XLSX],"Federation 18,203,362 130,068.01 10 India 261,170.28 15,910,395 10 Korea, Republic...39 11 Italy 151,300.42 13,701,497 11 India 15,910,395 261,170.28 12 Russian Federation",https://cdn.earthdata.nasa.gov/conduit/upload/7445/FY17AnnualReport_final_v1.xlsx
[PDF],"...exclusively in the Assam region of India. (Courtesy T. Ducasse) 3 and salt in...quality and crop yield have declined. In India, the industry has struggled to modernize",https://cdn.earthdata.nasa.gov/conduit/upload/750/NASA_SOP_2014_the_price_of_tea.pdf
[XLSX],Iceland ICELAND India Republic of India India IN India INDIA Indonesia Republic,https://cdn.earthdata.nasa.gov/conduit/upload/1476/ApprovedCountryList.xlsx
[PDF],"...neighboring countries of Pakistan and India. Kashmir also inhabits another crossroads:...Indian plate that underlies most of India and Pakistan, including much of Kashmir;",https://cdn.earthdata.nasa.gov/conduit/upload/1177/NASA_SOP_2008_When_the_Earth_moved_Kashmir.pdf
[PDF],...that pours on the Bay of Bengal in India. “The Bay of Bengal usually bears the...which runs the length of Pakistan from India in the north all the way to the Arabian,https://cdn.earthdata.nasa.gov/conduit/upload/892/NASA_SOP_2012_A_kink_in_the_jet_stream.pdf
[PDF],"...storms, and flooding in Pakistan and India. The National Science Foundation and",https://cdn.earthdata.nasa.gov/conduit/upload/3314/NASA_SOP_2015_stormy_vineyards.pdf
[PDF],"...instance, the ocean surface off the tip of India is about 200 meters (650 feet) closer...the Amazon, and the monsoon cycle in India,"" said Tapley. Detecting how much water",https://cdn.earthdata.nasa.gov/conduit/upload/1261/NASA_SOP_2005_Matter_in_Motion_Earths_Changing_Gravity.pdf
[PDF],"...in the 40 spotlight in recent years, India had the worst air quality in the world...indicate the highest levels of exposure; India, Bangladesh, Pakistan, and China scored",https://cdn.earthdata.nasa.gov/conduit/upload/877/NASA_SOP_2013_crazy_bad_air.pdf
[PDF],"France, Russia, Poland, Japan, China, India, Brazil, Tanzania, and elsewhere. Industrial",https://cdn.earthdata.nasa.gov/conduit/upload/1304/NASA_SOP_1998_Effects_of_Emissions_on_Climate_Change.pdf
[XLS],"...133,304 16 NETHERLANDS 10,347.88 16 INDIA 806,556 17 BRAZIL 8,710.81 17 BELGIUM...DENMARK 6,357.15 18 SWEDEN 664,551 19 INDIA 4,869.05 19 RUSSIAN FEDERATION 613",https://cdn.earthdata.nasa.gov/conduit/upload/1035/FY08AnnualReport.xls
[PDF],...with a particular researchemphasis on India and China. Image of Dr. Karen Seto,https://cdn.earthdata.nasa.gov/conduit/upload/6803/EOSDIS_Update_Summer_2017.pdf
[XLSX],"...920 17 SPAIN 25,239.40 17 INDIA 4,661,897 18 INDIA 23,144.50 18 CZECH REPUBLIC...FRANCE 19,161 5 UNITED KINGDOM 18,022 6 INDIA 16,236 7 CANADA 13,399 8 RUSSIA 12",https://cdn.earthdata.nasa.gov/conduit/upload/1025/FY12AnnualReport_V6.xlsx
[PDF],"...exclusively in the Assam region of India. See the related article, “The price...exclusively in the Assam region of India. (Courtesy T. Ducasse) 3 and salt in",https://cdn.earthdata.nasa.gov/conduit/upload/749/NASA_Sensing_Our_Planet_2014.pdf
[XLSX],"...62 17 BELGIUM 2,029,192 18 INDIA 6,428.68 18 INDIA 1,728,399 19 HONG KONG 4,877...7 AUSTRALIA 4,956 8 FRANCE 4,951 9 INDIA 4,856 10 ITALY 4,264 11 SPAIN 3,542",https://cdn.earthdata.nasa.gov/conduit/upload/1033/FY09AnnualReport.xlsx
[XLSX],"...62 17 BELGIUM 2,029,192 18 INDIA 6,428.68 18 INDIA 1,728,399 19 HONG KONG 4,877...7 AUSTRALIA 4,956 8 FRANCE 4,951 9 INDIA 4,856 10 ITALY 4,264 11 SPAIN 3,542",https://cdn.earthdata.nasa.gov/conduit/upload/1033/FY09AnnualReport.xlsx
[XLSX],"...819,613 17 South Africa 12,100.23 17 India 2,605,333 18 Russian Federation 10...701.05 19 Netherlands 2,042,669 20 India 7,640.16 20 Luxembourg 1,797,919 UNKNOWN+",https://cdn.earthdata.nasa.gov/conduit/upload/1029/FY10AnnualReport.xlsx
[PDF],"...that lie in the north tropics, such as India and Colombia. Other changes, such as",https://cdn.earthdata.nasa.gov/conduit/upload/761/NASA_SOP_2014_rooting_out_rainfall.pdf
[XLSX],"...903 17 Sweden 13,577.79 17 India 2,898,931 18 India 12,726.01 18 Spain 2,803,106...3 Germany 16,598 4 France 15,292 5 India 14,418 6 United Kingdom 13,574 7 Canada",https://cdn.earthdata.nasa.gov/conduit/upload/1027/FY11AnnualReport.xlsx
[XLSX],"...66 9 Brazil 9,834,242 10 India 72,075.74 10 India 8,499,633 11 Russian Federation...China 95,635 3 United Kingdom 28,170 4 India 23,998 5 Germany 23,166 6 Canada 22",https://cdn.earthdata.nasa.gov/conduit/upload/1023/FY13AnnualReport_V4.xlsx
[PDF],...throughdisputed territory administeredby India but claimedbyPakistan.Boundary squabbles,https://cdn.earthdata.nasa.gov/conduit/upload/1222/NASA_SOP_2010_Himalayas_heat_pump.pdf
[PDF],"...the west, Pakistan in the north, and India in the east. They monitor these using...water low in oxygen. “Big cities in India and the Middle East release lots of",https://cdn.earthdata.nasa.gov/conduit/upload/3302/NASA_Sensing_Our_Planet_2015.pdf
[XLSX],"...44,153 6 Russian Federation 41,453 7 India 39,569 8 Germany 30,826 9 Australia...542 0.3% 28,681 0.4% 299,277 1.2% 15 India 9,855 0.3% 17,051 0.2% 289,272 1.1%",https://cdn.earthdata.nasa.gov/conduit/upload/3898/FY15AnnualReport_V4.xlsx
[PDF],"...countries such as Indonesia, Vietnam, and India, as well as the United States. Balk",https://cdn.earthdata.nasa.gov/conduit/upload/1247/NASA_SOP_2006_Data_more_powerful_than_hurricanes.pdf
[XLSX],"United Kingdom 43,281 4 Israel 33,709 5 India 32,918 6 Canada 32,682 7 Germany 26...141 0.3% 19,151 0.3% 301,706 1.0% 15 India 9,291 0.3% 17,466 0.3% 546,739 1.9%",https://cdn.earthdata.nasa.gov/conduit/upload/1022/FY14AnnualReport_V3.xlsx
[PDF],"...neighboring countries of Pakistan and India. Kashmir also inhabits another crossroads:...Indian plate that underlies most of India and Pakistan, including much of Kashmir;",https://cdn.earthdata.nasa.gov/conduit/upload/1051/NASA_Sensing_Our_Planet_2008.pdf
[PDF],...1035 24.96% CHINA 348 8.39% 394 9.50% INDIA 188 4.53% 239 5.76% BRAZIL 172 4.15%,https://cdn.earthdata.nasa.gov/conduit/upload/728/Customer_Satisfaction_Presentation_2014.pdf
[PDF],...that pours on the Bay of Bengal in India. “The Bay of Bengal usually bears the...which runs the length of Pakistan from India in the north all the way to the Arabian,https://cdn.earthdata.nasa.gov/conduit/upload/1047/NASA_Sensing_Our_Planet_2012.pdf
[PDF],"...instance, the ocean surface off the tip of India is about 200 meters (650 feet) closer...the Amazon, and the monsoon cycle in India,” said Tapley. Detecting how much water",https://cdn.earthdata.nasa.gov/conduit/upload/1999/annual_2005.pdf
[PDF],"...in the 40 spotlight in recent years, India had the worst air quality in the world...indicate the highest levels of exposure; India, Bangladesh, Pakistan, and China scored",https://cdn.earthdata.nasa.gov/conduit/upload/1046/NASA_Sensing_Our_Planet_2013.pdf
[PDF],...throughdisputed territory administeredby India but claimedbyPakistan.Boundary squabbles,https://cdn.earthdata.nasa.gov/conduit/upload/1049/NASA_Sensing_Our_Planet_2010.pdf
